{"cameraMode":{"drawMode":0,"name":"Shaded","section":"Shading Mode"},"sceneLighting":false,"audioPlay":false,"sceneViewState":{"showFog":true,"showMaterialUpdate":false,"showSkybox":true,"showFlares":true,"showImageEffects":true,"showParticleSystems":true},"in2DMode":false,"pivot":{"x":1.0824098587036133,"y":-3.278374671936035,"z":-0.16974735260009767},"rotation":{"x":0.3784281015396118,"y":-0.45395761728286745,"z":0.22147338092327119,"w":0.7756701707839966},"size":15.506744384765625,"orthographic":false}