{"cameraMode":{"drawMode":0,"name":"Shaded","section":"Shading Mode"},"sceneLighting":false,"audioPlay":false,"sceneViewState":{"showFog":true,"showMaterialUpdate":false,"showSkybox":true,"showFlares":true,"showImageEffects":true,"showParticleSystems":true},"in2DMode":false,"pivot":{"x":2.5796079635620119,"y":-0.5758044719696045,"z":-4.021551132202148},"rotation":{"x":-0.018217867240309717,"y":0.9750496745109558,"z":-0.20324207842350007,"w":-0.08740104734897614},"size":8.409384727478028,"orthographic":false}