{"cameraMode":{"drawMode":0,"name":"Shaded","section":"Shading Mode"},"sceneLighting":false,"audioPlay":false,"sceneViewState":{"showFog":true,"showMaterialUpdate":false,"showSkybox":true,"showFlares":true,"showImageEffects":true,"showParticleSystems":true},"in2DMode":false,"pivot":{"x":0.6819038391113281,"y":-0.15225505828857423,"z":2.5594420433044435},"rotation":{"x":0.21440105140209199,"y":-0.6952314972877502,"z":0.23069988191127778,"w":0.6461136937141419},"size":11.600192070007325,"orthographic":false}