{"cameraMode":{"drawMode":0,"name":"Shaded","section":"Shading Mode"},"sceneLighting":true,"audioPlay":false,"sceneViewState":{"showFog":true,"showMaterialUpdate":false,"showSkybox":true,"showFlares":true,"showImageEffects":true,"showParticleSystems":true},"in2DMode":false,"pivot":{"x":-669.4750366210938,"y":-3.760223705739918e-7,"z":-169.55593872070313},"rotation":{"x":0.2549235224723816,"y":-0.4595690667629242,"z":0.1395965814590454,"w":0.8392395973205566},"size":4028.536376953125,"orthographic":false}