{"cameraMode":{"drawMode":0,"name":"Shaded","section":"Shading Mode"},"sceneLighting":false,"audioPlay":false,"sceneViewState":{"showFog":true,"showMaterialUpdate":false,"showSkybox":true,"showFlares":true,"showImageEffects":true,"showParticleSystems":true},"in2DMode":false,"pivot":{"x":-0.5761232376098633,"y":-1.0467000007629395,"z":0.7516050338745117},"rotation":{"x":-0.09626581519842148,"y":0.8391015529632568,"z":-0.15789805352687837,"w":-0.5115757584571838},"size":8.079062461853028,"orthographic":false}