{"cameraMode":{"drawMode":0,"name":"Shaded","section":"Shading Mode"},"sceneLighting":false,"audioPlay":false,"sceneViewState":{"showFog":true,"showMaterialUpdate":false,"showSkybox":true,"showFlares":true,"showImageEffects":true,"showParticleSystems":true},"in2DMode":false,"pivot":{"x":0.0,"y":-0.20000004768371583,"z":-10.800000190734864},"rotation":{"x":0.14601345360279084,"y":-0.21046875417232514,"z":0.0318092443048954,"w":0.9661113619804382},"size":18.934795379638673,"orthographic":true}