{"cameraMode":{"drawMode":0,"name":"Shaded","section":"Shading Mode"},"sceneLighting":false,"audioPlay":false,"sceneViewState":{"showFog":true,"showMaterialUpdate":false,"showSkybox":true,"showFlares":true,"showImageEffects":true,"showParticleSystems":true},"in2DMode":false,"pivot":{"x":0.0,"y":-0.000003337860107421875,"z":-4.76837158203125e-7},"rotation":{"x":0.2549235224723816,"y":-0.4595690667629242,"z":0.1395965814590454,"w":0.8392395973205566},"size":26.607698440551759,"orthographic":false}