{"cameraMode":{"drawMode":0,"name":"Shaded","section":"Shading Mode"},"sceneLighting":false,"audioPlay":false,"sceneViewState":{"showFog":true,"showMaterialUpdate":false,"showSkybox":true,"showFlares":true,"showImageEffects":true,"showParticleSystems":true},"in2DMode":false,"pivot":{"x":0.0,"y":-0.000014543533325195313,"z":-0.000002384185791015625},"rotation":{"x":0.4325619339942932,"y":-0.10908795893192291,"z":0.05281642824411392,"w":0.8934206366539002},"size":21.439897537231447,"orthographic":false}