{"cameraMode":{"drawMode":0,"name":"Shaded","section":"Shading Mode"},"sceneLighting":false,"audioPlay":false,"sceneViewState":{"showFog":true,"showMaterialUpdate":false,"showSkybox":true,"showFlares":true,"showImageEffects":true,"showParticleSystems":true},"in2DMode":false,"pivot":{"x":-1.5519933700561524,"y":0.5,"z":2.8259987831115724},"rotation":{"x":-0.14368365705013276,"y":0.8248818516731262,"z":-0.24167026579380036,"w":-0.4904288351535797},"size":1.9772952795028687,"orthographic":true}