{"cameraMode":{"drawMode":0,"name":"Shaded","section":"Shading Mode"},"sceneLighting":false,"audioPlay":false,"sceneViewState":{"showFog":true,"showMaterialUpdate":false,"showSkybox":true,"showFlares":true,"showImageEffects":true,"showParticleSystems":true},"in2DMode":false,"pivot":{"x":-0.6468982696533203,"y":2.625552177429199,"z":-1.0856385231018067},"rotation":{"x":-0.12110207229852677,"y":0.8619260191917419,"z":-0.24412210285663606,"w":-0.4275771975517273},"size":17.493505477905275,"orthographic":false}