{"cameraMode":{"drawMode":0,"name":"Shaded","section":"Shading Mode"},"sceneLighting":false,"audioPlay":false,"sceneViewState":{"showFog":true,"showMaterialUpdate":false,"showSkybox":true,"showFlares":true,"showImageEffects":true,"showParticleSystems":true},"in2DMode":false,"pivot":{"x":0.03343188762664795,"y":15.580759048461914,"z":-24.600000381469728},"rotation":{"x":0.2549235224723816,"y":-0.4595690667629242,"z":0.1395965814590454,"w":0.8392395973205566},"size":11.844528198242188,"orthographic":false}