{"cameraMode":{"drawMode":0,"name":"Shaded","section":"Shading Mode"},"sceneLighting":false,"audioPlay":false,"sceneViewState":{"showFog":true,"showMaterialUpdate":false,"showSkybox":true,"showFlares":true,"showImageEffects":true,"showParticleSystems":true},"in2DMode":false,"pivot":{"x":-0.6507104635238648,"y":-0.34262531995773318,"z":0.15764488279819489},"rotation":{"x":0.16348545253276826,"y":-0.6680675148963928,"z":0.1539592742919922,"w":0.7094046473503113},"size":2.8578836917877199,"orthographic":false}