{"cameraMode":{"drawMode":0,"name":"Shaded","section":"Shading Mode"},"sceneLighting":false,"audioPlay":false,"sceneViewState":{"showFog":true,"showMaterialUpdate":false,"showSkybox":true,"showFlares":true,"showImageEffects":true,"showParticleSystems":true},"in2DMode":false,"pivot":{"x":-3.3567168712615969,"y":-1.8850698471069337,"z":1.0605292320251465},"rotation":{"x":0.4325619339942932,"y":-0.10908795893192291,"z":0.05281642824411392,"w":0.8934206366539002},"size":13.797528266906739,"orthographic":false}