{"cameraMode":{"drawMode":0,"name":"Shaded","section":"Shading Mode"},"sceneLighting":true,"audioPlay":false,"sceneViewState":{"showFog":true,"showMaterialUpdate":false,"showSkybox":true,"showFlares":true,"showImageEffects":true,"showParticleSystems":true},"in2DMode":false,"pivot":{"x":75.94529724121094,"y":2255.97900390625,"z":465.41314697265627},"rotation":{"x":0.03495926782488823,"y":-0.8820027709007263,"z":0.06627453863620758,"w":0.46524912118911745},"size":237.44175720214845,"orthographic":false}