{"cameraMode":{"drawMode":0,"name":"Shaded","section":"Shading Mode"},"sceneLighting":false,"audioPlay":false,"sceneViewState":{"showFog":true,"showMaterialUpdate":false,"showSkybox":true,"showFlares":true,"showImageEffects":true,"showParticleSystems":true},"in2DMode":false,"pivot":{"x":-0.732729434967041,"y":-0.11924934387207031,"z":-3.035123348236084},"rotation":{"x":0.2202034741640091,"y":-0.6705037951469421,"z":0.2191498875617981,"w":0.67372727394104},"size":10.400718688964844,"orthographic":false}